"","rownames","articles","gender","married","kids","prestige","mentor","success_dependency"
"1",1,0,"male","yes",0,2.51999998092651,7,0.359999997275216
"2",2,0,"female","no",0,2.04999995231628,6,0.341666658719381
"3",3,0,"female","no",0,3.75,6,0.625
"4",4,0,"male","yes",1,1.17999994754791,3,0.393333315849304
"5",5,0,"female","no",0,3.75,26,0.144230769230769
"6",6,0,"female","yes",2,3.58999991416931,2,1.79499995708466
"7",7,0,"female","no",0,3.19000005722046,3,1.06333335240682
"8",8,0,"male","yes",2,2.96000003814697,4,0.740000009536743
"9",9,0,"male","no",0,4.61999988555908,6,0.769999980926514
"10",10,0,"female","yes",0,1.25,0,Inf
"11",11,0,"male","no",0,2.96000003814697,14,0.211428574153355
"12",12,0,"female","no",0,0.754999995231628,13,0.0580769227101253
"13",13,0,"female","yes",1,3.69000005722046,3,1.23000001907349
"14",14,0,"female","yes",0,3.40000009536743,4,0.850000023841858
"15",15,0,"female","yes",0,1.78999996185303,0,Inf
"16",16,0,"female","no",0,3.08999991416931,1,3.08999991416931
"17",17,0,"female","yes",0,2,7,0.285714285714286
"18",18,0,"male","yes",2,4.28999996185303,13,0.329999997065618
"19",19,0,"female","no",0,3.35999989509583,7,0.479999985013689
"20",20,0,"female","no",0,4.28999996185303,9,0.476666662428114
"21",21,0,"female","yes",0,2.25999999046326,6,0.376666665077209
"22",22,0,"male","yes",3,2.96000003814697,3,0.986666679382324
"23",23,0,"male","yes",1,4.28999996185303,5,0.857999992370605
"24",24,0,"male","yes",1,2.85999989509583,4,0.714999973773956
"25",25,0,"male","yes",3,2.75999999046326,1,2.75999999046326
"26",26,0,"female","yes",0,1.51999998092651,3,0.506666660308838
"27",27,0,"female","yes",1,3.53999996185303,8,0.442499995231628
"28",28,0,"male","yes",1,4.28999996185303,3,1.42999998728434
"29",29,0,"female","no",0,3.08999991416931,0,Inf
"30",30,0,"male","yes",0,2.3199999332428,3,0.773333311080933
"31",31,0,"female","no",0,2.39000010490417,0,Inf
"32",32,0,"male","yes",0,4.28999996185303,8,0.536249995231628
"33",33,0,"female","no",0,1.50499999523163,13,0.115769230402433
"34",34,0,"male","no",0,2.09999990463257,0,Inf
"35",35,0,"male","yes",1,1.51999998092651,0,Inf
"36",36,0,"female","no",0,2,0,Inf
"37",37,0,"female","no",0,1.75,0,Inf
"38",38,0,"male","no",0,4.28999996185303,9,0.476666662428114
"39",39,0,"male","yes",1,1.22000002861023,2,0.610000014305115
"40",40,0,"female","yes",0,3.75,5,0.75
"41",41,0,"male","no",0,4.28999996185303,9,0.476666662428114
"42",42,0,"female","yes",1,2.85999989509583,3,0.953333298365275
"43",43,0,"male","no",0,3.92000007629395,5,0.784000015258789
"44",44,0,"female","yes",1,3.35999989509583,3,1.11999996503194
"45",45,0,"male","no",0,2.09999990463257,6,0.349999984105428
"46",46,0,"male","yes",1,1.17999994754791,0,Inf
"47",47,0,"male","yes",0,2.5,1,2.5
"48",48,0,"male","yes",0,3.35999989509583,25,0.134399995803833
"49",49,0,"female","no",0,4.53999996185303,14,0.324285711560931
"50",50,0,"female","yes",0,3.92000007629395,8,0.490000009536743
"51",51,0,"male","no",0,4.53999996185303,5,0.907999992370605
"52",52,0,"female","yes",2,1.97000002861023,0,Inf
"53",53,0,"male","yes",2,2.96000003814697,12,0.246666669845581
"54",54,0,"male","yes",0,4.28999996185303,8,0.536249995231628
"55",55,0,"male","yes",1,2.25999999046326,2,1.12999999523163
"56",56,0,"female","no",0,2.11999988555908,11,0.192727262323553
"57",57,0,"female","no",0,3.21000003814697,2,1.60500001907349
"58",58,0,"male","yes",1,3.15000009536743,1,3.15000009536743
"59",59,0,"male","yes",1,3.92000007629395,1,3.92000007629395
"60",60,0,"male","no",0,2.96000003814697,0,Inf
"61",61,0,"female","no",0,2.85999989509583,6,0.476666649182638
"62",62,0,"male","yes",1,2.09999990463257,0,Inf
"63",63,0,"female","no",0,3.75,4,0.9375
"64",64,0,"female","yes",0,3.53999996185303,2,1.76999998092651
"65",65,0,"female","yes",0,2.53999996185303,1,2.53999996185303
"66",66,0,"male","yes",1,2.75999999046326,3,0.919999996821086
"67",67,0,"male","yes",0,4.53999996185303,10,0.453999996185303
"68",68,0,"male","yes",0,1.67999994754791,6,0.279999991257985
"69",69,0,"male","yes",1,2.20000004768372,0,Inf
"70",70,0,"female","no",0,1.00499999523163,0,Inf
"71",71,0,"male","no",0,2.11999988555908,2,1.05999994277954
"72",72,0,"female","yes",2,2.57999992370605,0,Inf
"73",73,0,"female","yes",0,1.78999996185303,1,1.78999996185303
"74",74,0,"male","no",0,4.28999996185303,2,2.14499998092651
"75",75,0,"female","yes",0,1.27999997138977,4,0.319999992847443
"76",76,0,"male","yes",2,2.57999992370605,5,0.515999984741211
"77",77,0,"male","yes",2,2.11999988555908,0,Inf
"78",78,0,"male","yes",1,2.21000003814697,1,2.21000003814697
"79",79,0,"male","yes",1,2.25999999046326,5,0.451999998092651
"80",80,0,"female","no",0,3.21000003814697,5,0.642000007629395
"81",81,0,"female","no",0,2.09999990463257,2,1.04999995231628
"82",82,0,"female","yes",1,3.53999996185303,1,3.53999996185303
"83",83,0,"male","yes",1,3.40000009536743,18,0.18888889418708
"84",84,0,"male","yes",0,2.21000003814697,6,0.368333339691162
"85",85,0,"male","yes",0,2.21000003814697,19,0.11631579148142
"86",86,0,"male","yes",2,0.9200000166893,1,0.9200000166893
"87",87,0,"female","no",0,4.28999996185303,35,0.122571427481515
"88",88,0,"male","yes",2,3.15000009536743,6,0.525000015894572
"89",89,0,"male","yes",0,4.28999996185303,19,0.225789471676475
"90",90,0,"male","yes",1,2.50999999046326,8,0.313749998807907
"91",91,0,"male","yes",1,4.28999996185303,1,4.28999996185303
"92",92,0,"female","yes",0,2.75999999046326,0,Inf
"93",93,0,"male","yes",0,1.41999995708466,3,0.473333319028219
"94",94,0,"male","yes",0,2.21000003814697,19,0.11631579148142
"95",95,0,"male","no",0,4.1399998664856,5,0.827999973297119
"96",96,0,"male","yes",0,1.51999998092651,7,0.217142854418073
"97",97,0,"male","no",0,4.61999988555908,8,0.577499985694885
"98",98,0,"female","no",0,3.61999988555908,7,0.517142840794155
"99",99,0,"female","yes",2,3.75,4,0.9375
"100",100,0,"male","yes",0,4.28999996185303,8,0.536249995231628
"101",101,0,"female","no",0,3.75,5,0.75
"102",102,0,"male","yes",1,2.09999990463257,0,Inf
"103",103,0,"male","yes",2,1.39999997615814,7,0.19999999659402
"104",104,0,"female","yes",0,3.19000005722046,4,0.797500014305115
"105",105,0,"male","yes",2,1.80999994277954,1,1.80999994277954
"106",106,0,"male","yes",1,3.15000009536743,2,1.57500004768372
"107",107,0,"female","yes",0,3.75,7,0.535714285714286
"108",108,0,"female","no",0,2.04999995231628,6,0.341666658719381
"109",109,0,"male","yes",3,2.21000003814697,3,0.736666679382324
"110",110,0,"female","yes",2,3.35999989509583,2,1.67999994754791
"111",111,0,"female","yes",0,3.47000002861023,11,0.315454548055475
"112",112,0,"female","no",0,2.11999988555908,0,Inf
"113",113,0,"female","yes",1,3.35999989509583,2,1.67999994754791
"114",114,0,"male","yes",0,2.53999996185303,5,0.507999992370605
"115",115,0,"male","yes",2,2.15000009536743,4,0.537500023841858
"116",116,0,"male","yes",1,4.53999996185303,3,1.51333332061768
"117",117,0,"male","yes",0,1.67999994754791,4,0.419999986886978
"118",118,0,"female","yes",1,2.54999995231628,0,Inf
"119",119,0,"female","no",0,2.11999988555908,11,0.192727262323553
"120",120,0,"male","yes",1,3.47000002861023,2,1.73500001430511
"121",121,0,"female","yes",0,3.47000002861023,1,3.47000002861023
"122",122,0,"female","no",0,3.35999989509583,9,0.373333321677314
"123",123,0,"male","yes",1,2.11999988555908,10,0.211999988555908
"124",124,0,"female","no",0,2.09999990463257,1,2.09999990463257
"125",125,0,"female","no",0,4.28999996185303,1,4.28999996185303
"126",126,0,"male","yes",1,2.85999989509583,13,0.219999991930448
"127",127,0,"female","yes",1,4.28999996185303,9,0.476666662428114
"128",128,0,"male","yes",0,3.21000003814697,2,1.60500001907349
"129",129,0,"male","no",0,2.09999990463257,0,Inf
"130",130,0,"female","yes",0,1.80999994277954,5,0.361999988555908
"131",131,0,"female","no",0,2.51999998092651,2,1.25999999046326
"132",132,0,"male","yes",1,3.35999989509583,23,0.146086951960688
"133",133,0,"female","yes",0,4.53999996185303,4,1.13499999046326
"134",134,0,"female","yes",1,4.28999996185303,4,1.07249999046326
"135",135,0,"female","no",0,2.11999988555908,9,0.235555542839898
"136",136,0,"male","yes",2,4.61999988555908,30,0.153999996185303
"137",137,0,"female","yes",1,3.58999991416931,14,0.256428565297808
"138",138,0,"female","no",0,3.58999991416931,4,0.897499978542328
"139",139,0,"male","yes",3,2.85999989509583,1,2.85999989509583
"140",140,0,"female","no",0,1.50499999523163,3,0.501666665077209
"141",141,0,"female","yes",1,2.5,0,Inf
"142",142,0,"female","yes",0,4.61999988555908,0,Inf
"143",143,0,"male","no",0,2.5,0,Inf
"144",144,0,"female","yes",1,3.35999989509583,3,1.11999996503194
"145",145,0,"female","no",0,2,2,1
"146",146,0,"female","yes",2,3.41000008583069,5,0.682000017166138
"147",147,0,"male","yes",0,2.09999990463257,0,Inf
"148",148,0,"female","no",0,2,2,1
"149",149,0,"male","yes",0,3.35999989509583,2,1.67999994754791
"150",150,0,"male","yes",3,3.58999991416931,7,0.512857130595616
"151",151,0,"male","no",0,2.14000010490417,2,1.07000005245209
"152",152,0,"female","yes",0,3.58999991416931,12,0.299166659514109
"153",153,0,"female","no",0,2.39000010490417,10,0.239000010490417
"154",154,0,"male","yes",3,4.53999996185303,11,0.412727269259366
"155",155,0,"male","no",0,2.96000003814697,2,1.48000001907349
"156",156,0,"male","yes",1,2.21000003814697,5,0.442000007629395
"157",157,0,"male","yes",2,3.69000005722046,5,0.738000011444092
"158",158,0,"female","yes",0,1.77999997138977,1,1.77999997138977
"159",159,0,"female","no",0,2.85999989509583,11,0.259999990463257
"160",160,0,"male","yes",0,2.85999989509583,8,0.357499986886978
"161",161,0,"female","yes",0,2.57999992370605,3,0.859999974568685
"162",162,0,"female","no",0,3.75,1,3.75
"163",163,0,"female","yes",1,1.22000002861023,11,0.110909093510021
"164",164,0,"female","no",0,2.09999990463257,9,0.233333322736952
"165",165,0,"female","no",0,3.58999991416931,18,0.199444439676073
"166",166,0,"female","no",0,3.53999996185303,5,0.707999992370606
"167",167,0,"female","no",0,2.85999989509583,16,0.178749993443489
"168",168,0,"female","yes",0,1.86000001430511,6,0.310000002384186
"169",169,0,"male","yes",0,2.96000003814697,0,Inf
"170",170,0,"female","yes",0,3.69000005722046,7,0.527142865317208
"171",171,0,"female","yes",0,3.69000005722046,2,1.84500002861023
"172",172,0,"female","yes",0,4.28999996185303,1,4.28999996185303
"173",173,0,"female","no",0,2.51999998092651,1,2.51999998092651
"174",174,0,"female","no",0,1.75999999046326,10,0.175999999046326
"175",175,0,"male","yes",2,2.3199999332428,2,1.1599999666214
"176",176,0,"female","no",0,3.69000005722046,2,1.84500002861023
"177",177,0,"female","no",0,3.75,14,0.267857142857143
"178",178,0,"female","no",0,4.28999996185303,5,0.857999992370605
"179",179,0,"female","yes",2,4.53999996185303,6,0.756666660308838
"180",180,0,"male","yes",1,2.09999990463257,0,Inf
"181",181,0,"female","yes",1,2.53999996185303,0,Inf
"182",182,0,"male","yes",1,2.21000003814697,19,0.11631579148142
"183",183,0,"male","no",0,4.53999996185303,8,0.567499995231628
"184",184,0,"male","yes",1,2.09999990463257,12,0.174999992052714
"185",185,0,"male","no",0,2.25999999046326,5,0.451999998092651
"186",186,0,"female","yes",1,4.61999988555908,15,0.307999992370605
"187",187,0,"female","no",0,2.75999999046326,4,0.689999997615814
"188",188,0,"female","no",0,4.28999996185303,12,0.357499996821086
"189",189,0,"female","no",0,0.754999995231628,0,Inf
"190",190,0,"female","yes",0,1.83000004291534,2,0.915000021457672
"191",191,0,"female","no",0,1.78999996185303,0,Inf
"192",192,0,"female","yes",1,4.28999996185303,6,0.714999993642171
"193",193,0,"female","no",0,2.5,0,Inf
"194",194,0,"male","yes",0,2.14000010490417,1,2.14000010490417
"195",195,0,"male","yes",2,3.40000009536743,13,0.261538468874418
"196",196,0,"female","no",0,2.86999988555908,15,0.191333325703939
"197",197,0,"female","yes",0,2.96000003814697,0,Inf
"198",198,0,"female","yes",2,3.19000005722046,0,Inf
"199",199,0,"male","yes",1,3.69000005722046,16,0.230625003576279
"200",200,0,"female","yes",2,1.25499999523163,0,Inf
"201",201,0,"male","yes",2,4.1399998664856,12,0.3449999888738
"202",202,0,"male","yes",1,2.39000010490417,5,0.478000020980835
"203",203,0,"male","yes",2,3.92000007629395,2,1.96000003814697
"204",204,0,"female","no",0,2.96000003814697,4,0.740000009536743
"205",205,0,"female","yes",0,2.11999988555908,2,1.05999994277954
"206",206,0,"female","yes",2,2.11999988555908,1,2.11999988555908
"207",207,0,"female","yes",0,2.60999989509583,3,0.869999965031942
"208",208,0,"male","no",0,4.28999996185303,0,Inf
"209",209,0,"male","yes",3,2.85999989509583,7,0.408571413585118
"210",210,0,"female","yes",0,2.39000010490417,0,Inf
"211",211,0,"male","yes",2,3.33999991416931,1,3.33999991416931
"212",212,0,"female","no",0,3.61999988555908,8,0.452499985694885
"213",213,0,"female","yes",1,3.58999991416931,8,0.448749989271164
"214",214,0,"male","yes",2,4.53999996185303,1,4.53999996185303
"215",215,0,"female","yes",0,3.58999991416931,1,3.58999991416931
"216",216,0,"male","no",0,4.28999996185303,9,0.476666662428114
"217",217,0,"male","yes",0,1.51999998092651,4,0.379999995231628
"218",218,0,"male","yes",0,4.28999996185303,6,0.714999993642171
"219",219,0,"female","yes",0,4.61999988555908,5,0.923999977111816
"220",220,0,"male","yes",1,4.28999996185303,13,0.329999997065618
"221",221,0,"male","yes",0,2.50999999046326,3,0.836666663487752
"222",222,0,"male","no",0,2.85999989509583,3,0.953333298365275
"223",223,0,"female","yes",0,2.96000003814697,8,0.370000004768372
"224",224,0,"female","yes",0,3.69000005722046,3,1.23000001907349
"225",225,0,"female","yes",0,3.47000002861023,2,1.73500001430511
"226",226,0,"male","yes",2,4.28999996185303,15,0.285999997456868
"227",227,0,"male","no",0,4.28999996185303,0,Inf
"228",228,0,"female","no",0,3.92000007629395,1,3.92000007629395
"229",229,0,"female","yes",0,2,6,0.333333333333333
"230",230,0,"male","yes",0,2.3199999332428,4,0.579999983310699
"231",231,0,"female","yes",1,2,9,0.222222222222222
"232",232,0,"male","yes",1,1.67999994754791,27,0.0622222202795523
"233",233,0,"male","no",0,3.47000002861023,0,Inf
"234",234,0,"male","yes",0,2.20000004768372,2,1.10000002384186
"235",235,0,"male","yes",1,2.11999988555908,10,0.211999988555908
"236",236,0,"female","no",0,1.39999997615814,14,0.0999999982970101
"237",237,0,"female","no",0,3.35999989509583,3,1.11999996503194
"238",238,0,"male","yes",2,4.28999996185303,24,0.178749998410543
"239",239,0,"male","yes",1,2.09999990463257,0,Inf
"240",240,0,"male","no",0,4.28999996185303,5,0.857999992370605
"241",241,0,"female","no",0,4.28999996185303,0,Inf
"242",242,0,"female","no",0,2.82999992370605,1,2.82999992370605
"243",243,0,"male","yes",1,2.57999992370605,6,0.429999987284342
"244",244,0,"female","yes",0,3.15000009536743,7,0.450000013623919
"245",245,0,"male","no",0,4.28999996185303,2,2.14499998092651
"246",246,0,"male","no",0,2.96000003814697,0,Inf
"247",247,0,"male","yes",2,3.58999991416931,5,0.717999982833862
"248",248,0,"female","no",0,2.39000010490417,15,0.159333340326945
"249",249,0,"female","no",0,1.25,2,0.625
"250",250,0,"female","no",0,2.75999999046326,1,2.75999999046326
"251",251,0,"male","yes",0,3.40000009536743,13,0.261538468874418
"252",252,0,"male","no",0,4.28999996185303,7,0.612857137407575
"253",253,0,"female","no",0,3.69000005722046,4,0.922500014305115
"254",254,0,"female","yes",0,2.85999989509583,13,0.219999991930448
"255",255,0,"female","no",0,4.28999996185303,3,1.42999998728434
"256",256,0,"female","no",0,4.1399998664856,2,2.0699999332428
"257",257,0,"female","yes",0,2.39000010490417,2,1.19500005245209
"258",258,0,"male","yes",2,2.85999989509583,11,0.259999990463257
"259",259,0,"female","yes",0,2.96000003814697,7,0.42285714830671
"260",260,0,"male","no",0,3.58999991416931,8,0.448749989271164
"261",261,0,"male","yes",1,1.80999994277954,5,0.361999988555908
"262",262,0,"male","yes",1,4.28999996185303,2,2.14499998092651
"263",263,0,"male","yes",1,2.09999990463257,0,Inf
"264",264,0,"female","no",0,3.19000005722046,0,Inf
"265",265,0,"male","yes",2,4.28999996185303,2,2.14499998092651
"266",266,0,"male","yes",0,4.28999996185303,2,2.14499998092651
"267",267,0,"male","yes",2,3.40000009536743,0,Inf
"268",268,0,"male","no",0,4.28999996185303,35,0.122571427481515
"269",269,0,"male","yes",2,2.3199999332428,5,0.46399998664856
"270",270,0,"male","no",0,1.67999994754791,5,0.335999989509583
"271",271,0,"female","yes",0,2.57999992370605,0,Inf
"272",272,0,"male","yes",0,3.69000005722046,3,1.23000001907349
"273",273,0,"male","yes",2,3.41000008583069,7,0.487142869404384
"274",274,0,"male","yes",0,2.3199999332428,0,Inf
"275",275,0,"male","yes",1,3.69000005722046,8,0.461250007152557
"276",276,1,"male","yes",0,2.53999996185303,4,0.634999990463257
"277",277,1,"female","yes",1,1.75999999046326,4,0.439999997615814
"278",278,1,"male","yes",1,4.28999996185303,13,0.329999997065618
"279",279,1,"male","yes",3,2.09999990463257,0,Inf
"280",280,1,"female","yes",1,3.08999991416931,12,0.257499992847443
"281",281,1,"female","no",0,3.35999989509583,6,0.559999982515971
"282",282,1,"male","yes",0,2.09999990463257,0,Inf
"283",283,1,"female","yes",1,3.75,7,0.535714285714286
"284",284,1,"female","no",0,2.14000010490417,6,0.356666684150696
"285",285,1,"female","no",0,4.28999996185303,22,0.194999998266047
"286",286,1,"female","no",0,2,2,1
"287",287,1,"male","yes",0,2,4,0.5
"288",288,1,"male","yes",1,2,16,0.125
"289",289,1,"male","yes",1,2.60999989509583,6,0.434999982515971
"290",290,1,"male","yes",0,4.25,12,0.354166666666667
"291",291,1,"male","no",0,2.35999989509583,14,0.168571421078273
"292",292,1,"female","yes",0,4.28999996185303,11,0.389999996532093
"293",293,1,"male","yes",0,2.09999990463257,2,1.04999995231628
"294",294,1,"female","yes",0,2.86999988555908,5,0.573999977111816
"295",295,1,"female","yes",0,3.47000002861023,3,1.15666667620341
"296",296,1,"male","yes",0,1.77999997138977,1,1.77999997138977
"297",297,1,"male","yes",0,4.1399998664856,15,0.27599999109904
"298",298,1,"male","yes",3,4.28999996185303,0,Inf
"299",299,1,"male","no",0,4.28999996185303,3,1.42999998728434
"300",300,1,"male","no",0,1.80999994277954,10,0.180999994277954
"301",301,1,"female","no",0,2.3199999332428,15,0.154666662216187
"302",302,1,"female","yes",0,2.60999989509583,7,0.372857127870832
"303",303,1,"male","yes",0,1.67999994754791,34,0.0494117631631739
"304",304,1,"female","yes",0,3.19000005722046,3,1.06333335240682
"305",305,1,"male","yes",1,3.58999991416931,5,0.717999982833862
"306",306,1,"male","yes",0,2.5,0,Inf
"307",307,1,"male","no",0,3.40000009536743,6,0.566666682561239
"308",308,1,"female","no",0,2.25999999046326,4,0.564999997615814
"309",309,1,"male","no",0,3.40000009536743,12,0.283333341280619
"310",310,1,"male","yes",1,3.92000007629395,0,Inf
"311",311,1,"male","yes",2,2.96000003814697,0,Inf
"312",312,1,"male","no",0,4.28999996185303,15,0.285999997456868
"313",313,1,"male","yes",0,4.28999996185303,11,0.389999996532093
"314",314,1,"female","yes",1,3.3199999332428,24,0.138333330551783
"315",315,1,"male","no",0,1.86000001430511,15,0.124000000953674
"316",316,1,"female","no",0,2.86999988555908,6,0.478333314259847
"317",317,1,"female","yes",0,1.63999998569489,22,0.0745454538952221
"318",318,1,"female","no",0,2.25,7,0.321428571428571
"319",319,1,"female","no",0,2.09999990463257,8,0.262499988079071
"320",320,1,"female","yes",0,4.28999996185303,6,0.714999993642171
"321",321,1,"male","yes",0,1.75,3,0.583333333333333
"322",322,1,"male","yes",0,2.96000003814697,8,0.370000004768372
"323",323,1,"female","no",0,2.25,4,0.5625
"324",324,1,"male","yes",2,4.25,20,0.2125
"325",325,1,"male","yes",2,2.55999994277954,22,0.116363633762706
"326",326,1,"female","no",0,3.19000005722046,11,0.29000000520186
"327",327,1,"male","yes",2,3.92000007629395,2,1.96000003814697
"328",328,1,"male","yes",1,1.77999997138977,77,0.0231168827453217
"329",329,1,"female","yes",0,3.40000009536743,14,0.242857149669102
"330",330,1,"male","yes",1,1.74000000953674,4,0.435000002384186
"331",331,1,"male","no",0,4.28999996185303,6,0.714999993642171
"332",332,1,"female","no",0,2,6,0.333333333333333
"333",333,1,"female","yes",0,2.86999988555908,18,0.159444438086616
"334",334,1,"male","yes",0,4.28999996185303,6,0.714999993642171
"335",335,1,"female","yes",0,3.19000005722046,2,1.59500002861023
"336",336,1,"male","yes",1,1.22000002861023,1,1.22000002861023
"337",337,1,"female","yes",2,3.53999996185303,17,0.208235291873707
"338",338,1,"male","yes",1,4.28999996185303,1,4.28999996185303
"339",339,1,"male","yes",1,4.61999988555908,3,1.53999996185303
"340",340,1,"female","no",0,2,6,0.333333333333333
"341",341,1,"female","no",0,3.58999991416931,3,1.19666663805644
"342",342,1,"female","no",0,3.19000005722046,6,0.53166667620341
"343",343,1,"male","yes",1,3.40000009536743,2,1.70000004768372
"344",344,1,"female","yes",0,1.27999997138977,2,0.639999985694885
"345",345,1,"male","yes",2,1.74000000953674,4,0.435000002384186
"346",346,1,"male","yes",1,2.25999999046326,1,2.25999999046326
"347",347,1,"female","yes",0,3.58999991416931,5,0.717999982833862
"348",348,1,"male","yes",1,4.61999988555908,16,0.288749992847443
"349",349,1,"female","no",0,1.39999997615814,2,0.699999988079071
"350",350,1,"female","no",0,0.9200000166893,4,0.230000004172325
"351",351,1,"male","yes",1,2.39000010490417,3,0.796666701634725
"352",352,1,"male","yes",0,2.25999999046326,1,2.25999999046326
"353",353,1,"male","yes",2,2.85999989509583,7,0.408571413585118
"354",354,1,"male","yes",2,2.75999999046326,8,0.344999998807907
"355",355,1,"male","yes",1,1.62999999523163,8,0.203749999403954
"356",356,1,"male","yes",2,4.28999996185303,12,0.357499996821086
"357",357,1,"female","no",0,1.39999997615814,3,0.466666658719381
"358",358,1,"female","yes",0,2.11999988555908,0,Inf
"359",359,1,"female","yes",1,2.60999989509583,6,0.434999982515971
"360",360,1,"male","yes",0,1.79999995231628,1,1.79999995231628
"361",361,1,"female","yes",0,4.28999996185303,21,0.204285712469192
"362",362,1,"female","no",0,3.69000005722046,18,0.205000003178914
"363",363,1,"female","yes",0,4.61999988555908,16,0.288749992847443
"364",364,1,"male","no",0,2.15000009536743,10,0.215000009536743
"365",365,1,"male","yes",2,2.09999990463257,0,Inf
"366",366,1,"female","yes",0,2,5,0.4
"367",367,1,"female","no",0,1.25499999523163,0,Inf
"368",368,1,"male","yes",2,1.75,2,0.875
"369",369,1,"female","no",0,3.84999990463257,2,1.92499995231628
"370",370,1,"male","no",0,4.25,4,1.0625
"371",371,1,"female","no",0,3.47000002861023,3,1.15666667620341
"372",372,1,"male","yes",1,3.92000007629395,8,0.490000009536743
"373",373,1,"male","yes",2,2.50999999046326,3,0.836666663487752
"374",374,1,"female","no",0,1.39999997615814,12,0.116666664679845
"375",375,1,"male","yes",1,2,11,0.181818181818182
"376",376,1,"female","no",0,2,10,0.2
"377",377,1,"male","no",0,4.28999996185303,2,2.14499998092651
"378",378,1,"male","no",0,3.35999989509583,10,0.335999989509583
"379",379,1,"male","yes",0,4.61999988555908,1,4.61999988555908
"380",380,1,"male","yes",1,2.55999994277954,16,0.159999996423721
"381",381,1,"male","yes",0,4.61999988555908,18,0.256666660308838
"382",382,1,"male","yes",0,3.58999991416931,10,0.358999991416931
"383",383,1,"male","yes",2,4.28999996185303,6,0.714999993642171
"384",384,1,"female","no",0,3.58999991416931,8,0.448749989271164
"385",385,1,"female","no",0,4.28999996185303,6,0.714999993642171
"386",386,1,"male","yes",0,3.19000005722046,3,1.06333335240682
"387",387,1,"female","yes",0,3.58999991416931,1,3.58999991416931
"388",388,1,"female","yes",0,2.96000003814697,19,0.155789475691946
"389",389,1,"female","no",0,2.57999992370605,2,1.28999996185303
"390",390,1,"male","yes",3,2.96000003814697,6,0.493333339691162
"391",391,1,"female","yes",0,4.53999996185303,13,0.349230766296387
"392",392,1,"male","yes",1,4.53999996185303,10,0.453999996185303
"393",393,1,"male","yes",2,2.5,4,0.625
"394",394,1,"male","yes",0,1.67999994754791,8,0.209999993443489
"395",395,1,"male","yes",0,2.3199999332428,4,0.579999983310699
"396",396,1,"female","yes",3,3.19000005722046,9,0.354444450802273
"397",397,1,"female","no",0,2.21000003814697,2,1.10500001907349
"398",398,1,"female","yes",0,1.25,5,0.25
"399",399,1,"male","no",0,4.1399998664856,5,0.827999973297119
"400",400,1,"female","yes",0,4.61999988555908,4,1.15499997138977
"401",401,1,"female","no",0,4.53999996185303,37,0.122702701671703
"402",402,1,"female","yes",0,3.15000009536743,9,0.350000010596381
"403",403,1,"male","no",0,4.28999996185303,11,0.389999996532093
"404",404,1,"female","yes",0,1.95000004768372,3,0.650000015894572
"405",405,1,"male","no",0,2,9,0.222222222222222
"406",406,1,"female","yes",0,4.53999996185303,2,2.26999998092651
"407",407,1,"female","yes",2,2.57999992370605,2,1.28999996185303
"408",408,1,"female","yes",0,3.84999990463257,29,0.132758617401123
"409",409,1,"male","yes",1,3.41000008583069,10,0.341000008583069
"410",410,1,"female","yes",1,2.25999999046326,9,0.251111110051473
"411",411,1,"female","no",0,4.25,2,2.125
"412",412,1,"male","yes",1,3.58999991416931,6,0.598333319028219
"413",413,1,"female","yes",1,2.11999988555908,9,0.235555542839898
"414",414,1,"male","yes",0,2.96000003814697,7,0.42285714830671
"415",415,1,"female","no",0,2.51999998092651,0,Inf
"416",416,1,"female","no",0,2.25999999046326,4,0.564999997615814
"417",417,1,"female","no",0,4.53999996185303,9,0.504444440205892
"418",418,1,"female","yes",2,2.85999989509583,7,0.408571413585118
"419",419,1,"male","yes",0,4.53999996185303,2,2.26999998092651
"420",420,1,"male","yes",0,3.58999991416931,12,0.299166659514109
"421",421,1,"female","yes",0,4.61999988555908,18,0.256666660308838
"422",422,1,"male","yes",3,1.66999995708466,3,0.556666652361552
"423",423,1,"male","yes",2,1.75,1,1.75
"424",424,1,"female","yes",1,2.82999992370605,5,0.565999984741211
"425",425,1,"male","yes",3,3.15000009536743,11,0.286363645033403
"426",426,1,"male","yes",1,3.58999991416931,9,0.398888879352146
"427",427,1,"female","no",0,3.75,24,0.15625
"428",428,1,"female","no",0,2.04999995231628,17,0.120588232489193
"429",429,1,"male","yes",0,4.28999996185303,0,Inf
"430",430,1,"male","yes",2,4.28999996185303,0,Inf
"431",431,1,"female","yes",0,2.39000010490417,7,0.341428586414882
"432",432,1,"male","yes",1,4.53999996185303,3,1.51333332061768
"433",433,1,"male","yes",0,2.3199999332428,4,0.579999983310699
"434",434,1,"female","no",0,4.28999996185303,25,0.171599998474121
"435",435,1,"male","yes",1,3.69000005722046,5,0.738000011444092
"436",436,1,"male","no",0,4.28999996185303,9,0.476666662428114
"437",437,1,"male","no",0,3.92000007629395,2,1.96000003814697
"438",438,1,"male","yes",0,2.75999999046326,5,0.551999998092651
"439",439,1,"male","no",0,2.75999999046326,6,0.459999998410543
"440",440,1,"male","yes",2,3.61999988555908,4,0.904999971389771
"441",441,1,"male","yes",1,4.28999996185303,14,0.306428568703788
"442",442,1,"male","no",0,2.86999988555908,12,0.239166657129923
"443",443,1,"female","yes",1,2.39000010490417,9,0.265555567211575
"444",444,1,"male","no",0,4.28999996185303,14,0.306428568703788
"445",445,1,"male","yes",0,1.77999997138977,4,0.444999992847443
"446",446,1,"male","yes",1,2.09999990463257,8,0.262499988079071
"447",447,1,"female","yes",0,2.25,3,0.75
"448",448,1,"male","yes",1,2.25999999046326,5,0.451999998092651
"449",449,1,"male","yes",0,1.86000001430511,5,0.372000002861023
"450",450,1,"female","no",0,3.92000007629395,4,0.980000019073486
"451",451,1,"male","yes",0,4.34000015258789,10,0.434000015258789
"452",452,1,"female","no",0,3.35999989509583,4,0.839999973773956
"453",453,1,"female","no",0,2.50999999046326,1,2.50999999046326
"454",454,1,"female","no",0,3.75,21,0.178571428571429
"455",455,1,"male","yes",1,4.53999996185303,45,0.100888888041178
"456",456,1,"female","no",0,1.62999999523163,8,0.203749999403954
"457",457,1,"female","no",0,4.61999988555908,10,0.461999988555908
"458",458,1,"male","yes",0,1.51999998092651,2,0.759999990463257
"459",459,1,"male","yes",0,2.54999995231628,11,0.231818177483299
"460",460,1,"female","yes",0,1.17999994754791,1,1.17999994754791
"461",461,1,"female","yes",2,3.08999991416931,9,0.34333332379659
"462",462,1,"female","no",0,4.61999988555908,5,0.923999977111816
"463",463,1,"female","yes",0,2.3199999332428,1,2.3199999332428
"464",464,1,"male","no",0,2.04999995231628,3,0.683333317438761
"465",465,1,"male","yes",0,4.28999996185303,1,4.28999996185303
"466",466,1,"male","no",0,3.40000009536743,2,1.70000004768372
"467",467,1,"male","no",0,4.28999996185303,10,0.428999996185303
"468",468,1,"male","yes",1,3.58999991416931,2,1.79499995708466
"469",469,1,"male","no",0,3.35999989509583,5,0.671999979019165
"470",470,1,"female","no",0,2.04999995231628,13,0.15769230402433
"471",471,1,"female","yes",0,3.58999991416931,32,0.112187497317791
"472",472,1,"female","no",0,3.84999990463257,18,0.213888883590698
"473",473,1,"male","no",0,3.35999989509583,0,Inf
"474",474,1,"female","yes",0,1.75,0,Inf
"475",475,1,"female","yes",0,3.47000002861023,3,1.15666667620341
"476",476,1,"male","yes",1,2.60999989509583,4,0.652499973773956
"477",477,1,"male","no",0,2.75999999046326,4,0.689999997615814
"478",478,1,"male","yes",2,4.28999996185303,9,0.476666662428114
"479",479,1,"female","no",0,1.39999997615814,3,0.466666658719381
"480",480,1,"female","yes",0,4.61999988555908,18,0.256666660308838
"481",481,1,"male","yes",1,2.85999989509583,17,0.168235287946813
"482",482,1,"male","yes",1,2.85999989509583,17,0.168235287946813
"483",483,1,"male","yes",0,2.85999989509583,39,0.0733333306434827
"484",484,1,"male","no",0,2,7,0.285714285714286
"485",485,1,"female","yes",0,1.75999999046326,8,0.219999998807907
"486",486,1,"male","yes",0,2.5,0,Inf
"487",487,1,"female","no",0,4.28999996185303,17,0.252352938932531
"488",488,1,"male","no",0,2.55999994277954,16,0.159999996423721
"489",489,1,"female","yes",1,3.53999996185303,14,0.252857140132359
"490",490,1,"female","yes",0,3.69000005722046,1,3.69000005722046
"491",491,1,"male","no",0,2.86999988555908,5,0.573999977111816
"492",492,1,"female","no",0,1.65499997138977,0,Inf
"493",493,1,"male","yes",1,4.34000015258789,4,1.08500003814697
"494",494,1,"male","yes",0,3.53999996185303,11,0.321818178350275
"495",495,1,"male","yes",2,4.28999996185303,10,0.428999996185303
"496",496,1,"male","yes",0,1.80999994277954,0,Inf
"497",497,1,"female","no",0,3.40000009536743,7,0.485714299338205
"498",498,1,"male","yes",1,1.80999994277954,5,0.361999988555908
"499",499,1,"female","no",0,3.19000005722046,18,0.177222225401137
"500",500,1,"female","yes",1,2.3199999332428,5,0.46399998664856
"501",501,1,"female","no",0,4.53999996185303,19,0.238947366413317
"502",502,1,"male","yes",1,4.28999996185303,2,2.14499998092651
"503",503,1,"male","yes",1,2.85999989509583,2,1.42999994754791
"504",504,1,"female","yes",1,2.85999989509583,2,1.42999994754791
"505",505,1,"male","yes",1,1.22000002861023,0,Inf
"506",506,1,"male","yes",0,2.09999990463257,0,Inf
"507",507,1,"male","yes",1,1.67999994754791,12,0.139999995628993
"508",508,1,"female","no",0,3.35999989509583,34,0.0988235263263478
"509",509,1,"female","yes",0,2.86999988555908,15,0.191333325703939
"510",510,1,"male","yes",1,3.47000002861023,1,3.47000002861023
"511",511,1,"male","no",0,2.75999999046326,7,0.394285712923322
"512",512,1,"male","yes",1,3.53999996185303,21,0.168571426754906
"513",513,1,"female","yes",0,1.95000004768372,11,0.177272731607611
"514",514,1,"male","yes",1,3.58999991416931,19,0.188947363903648
"515",515,1,"female","no",0,3.19000005722046,3,1.06333335240682
"516",516,1,"female","no",0,2.75999999046326,2,1.37999999523163
"517",517,1,"female","yes",2,4.28999996185303,13,0.329999997065618
"518",518,1,"male","yes",2,3.19000005722046,5,0.638000011444092
"519",519,1,"male","yes",0,2.96000003814697,0,Inf
"520",520,1,"male","yes",1,2.75999999046326,7,0.394285712923322
"521",521,1,"female","yes",0,1.80999994277954,11,0.164545449343595
"522",522,2,"male","yes",0,3.35999989509583,4,0.839999973773956
"523",523,2,"male","no",0,3.08999991416931,14,0.220714279583522
"524",524,2,"female","no",0,3.75,8,0.46875
"525",525,2,"female","yes",0,4.53999996185303,10,0.453999996185303
"526",526,2,"female","no",0,1.62999999523163,6,0.271666665871938
"527",527,2,"female","yes",0,3.08999991416931,2,1.54499995708466
"528",528,2,"female","no",0,3.69000005722046,4,0.922500014305115
"529",529,2,"female","no",0,2.11999988555908,2,1.05999994277954
"530",530,2,"female","no",0,2.25999999046326,3,0.753333330154419
"531",531,2,"male","yes",1,4.28999996185303,2,2.14499998092651
"532",532,2,"female","yes",1,1.74000000953674,4,0.435000002384186
"533",533,2,"male","yes",2,2.96000003814697,8,0.370000004768372
"534",534,2,"female","no",0,2.57999992370605,5,0.515999984741211
"535",535,2,"male","yes",1,4.53999996185303,10,0.453999996185303
"536",536,2,"female","no",0,4.61999988555908,12,0.384999990463257
"537",537,2,"male","yes",1,4.28999996185303,13,0.329999997065618
"538",538,2,"female","no",0,4.53999996185303,13,0.349230766296387
"539",539,2,"female","yes",0,3.58999991416931,0,Inf
"540",540,2,"female","no",0,4.28999996185303,5,0.857999992370605
"541",541,2,"male","no",0,3.69000005722046,26,0.141923079123864
"542",542,2,"female","no",0,3.21000003814697,0,Inf
"543",543,2,"female","yes",1,3.47000002861023,11,0.315454548055475
"544",544,2,"male","no",0,4.53999996185303,37,0.122702701671703
"545",545,2,"male","yes",0,1.95000004768372,4,0.487500011920929
"546",546,2,"male","yes",2,2.96000003814697,46,0.0643478269162385
"547",547,2,"male","yes",1,4.53999996185303,53,0.0856603766387364
"548",548,2,"male","yes",0,3.40000009536743,9,0.377777788374159
"549",549,2,"male","yes",0,2.09999990463257,4,0.524999976158142
"550",550,2,"male","yes",2,4.28999996185303,8,0.536249995231628
"551",551,2,"female","no",0,3.75,5,0.75
"552",552,2,"female","no",0,2.04999995231628,2,1.02499997615814
"553",553,2,"male","yes",1,2.5,2,1.25
"554",554,2,"female","yes",1,4.61999988555908,17,0.271764699150534
"555",555,2,"female","yes",0,1.79999995231628,10,0.179999995231628
"556",556,2,"female","no",0,3.08999991416931,0,Inf
"557",557,2,"male","no",0,4.28999996185303,10,0.428999996185303
"558",558,2,"male","yes",2,1.79999995231628,6,0.299999992052714
"559",559,2,"female","yes",0,3.58999991416931,5,0.717999982833862
"560",560,2,"male","yes",0,2.75999999046326,3,0.919999996821086
"561",561,2,"male","yes",0,4.1399998664856,16,0.25874999165535
"562",562,2,"male","no",0,3.58999991416931,3,1.19666663805644
"563",563,2,"female","no",0,4.53999996185303,12,0.378333330154419
"564",564,2,"female","yes",0,0.9200000166893,0,Inf
"565",565,2,"female","no",0,4.28999996185303,15,0.285999997456868
"566",566,2,"male","yes",1,2.39000010490417,4,0.597500026226044
"567",567,2,"male","yes",0,1.17999994754791,0,Inf
"568",568,2,"male","yes",2,4.53999996185303,2,2.26999998092651
"569",569,2,"female","yes",2,3.84999990463257,47,0.081914891587927
"570",570,2,"male","yes",2,2.96000003814697,21,0.140952382768903
"571",571,2,"female","yes",0,3.35999989509583,8,0.419999986886978
"572",572,2,"female","yes",0,3.19000005722046,5,0.638000011444092
"573",573,2,"female","yes",1,3.69000005722046,15,0.246000003814697
"574",574,2,"male","yes",0,1.62999999523163,8,0.203749999403954
"575",575,2,"male","yes",0,1.72000002861023,1,1.72000002861023
"576",576,2,"female","yes",0,2.57999992370605,5,0.515999984741211
"577",577,2,"male","yes",0,1.51999998092651,5,0.303999996185303
"578",578,2,"male","no",0,2.85999989509583,4,0.714999973773956
"579",579,2,"female","yes",2,1.22000002861023,4,0.305000007152557
"580",580,2,"female","no",0,2.53999996185303,4,0.634999990463257
"581",581,2,"female","no",0,3.35999989509583,4,0.839999973773956
"582",582,2,"male","yes",2,2.86999988555908,20,0.143499994277954
"583",583,2,"male","yes",1,3.15000009536743,7,0.450000013623919
"584",584,2,"female","no",0,4.61999988555908,14,0.329999991825649
"585",585,2,"male","yes",1,1.75999999046326,7,0.25142857006618
"586",586,2,"male","yes",1,1.51999998092651,3,0.506666660308838
"587",587,2,"male","no",0,4.28999996185303,5,0.857999992370605
"588",588,2,"male","yes",2,4.28999996185303,10,0.428999996185303
"589",589,2,"male","yes",1,2.55999994277954,5,0.511999988555908
"590",590,2,"male","no",0,4.53999996185303,29,0.156551722822518
"591",591,2,"female","yes",0,1.86000001430511,5,0.372000002861023
"592",592,2,"female","no",0,4.28999996185303,1,4.28999996185303
"593",593,2,"female","yes",0,3.92000007629395,7,0.560000010899135
"594",594,2,"male","no",0,2.25999999046326,2,1.12999999523163
"595",595,2,"male","yes",1,4.28999996185303,14,0.306428568703788
"596",596,2,"female","yes",1,3.69000005722046,10,0.369000005722046
"597",597,2,"male","yes",2,1.97000002861023,0,Inf
"598",598,2,"male","yes",1,3.19000005722046,10,0.319000005722046
"599",599,2,"female","no",0,4.53999996185303,5,0.907999992370605
"600",600,2,"male","no",0,4.28999996185303,25,0.171599998474121
"601",601,2,"male","yes",0,2.82999992370605,1,2.82999992370605
"602",602,2,"male","yes",3,4.34000015258789,7,0.62000002179827
"603",603,2,"female","no",0,3.35999989509583,3,1.11999996503194
"604",604,2,"female","no",0,3.41000008583069,14,0.243571434702192
"605",605,2,"female","no",0,2.85999989509583,3,0.953333298365275
"606",606,2,"male","yes",0,4.28999996185303,24,0.178749998410543
"607",607,2,"male","yes",1,2.75999999046326,8,0.344999998807907
"608",608,2,"female","yes",0,3.75,0,Inf
"609",609,2,"male","yes",1,4.28999996185303,12,0.357499996821086
"610",610,2,"male","yes",2,2.21000003814697,12,0.184166669845581
"611",611,2,"male","yes",0,3.53999996185303,21,0.168571426754906
"612",612,2,"male","yes",0,2.96000003814697,2,1.48000001907349
"613",613,2,"female","yes",0,2.11999988555908,2,1.05999994277954
"614",614,2,"male","no",0,2.39000010490417,4,0.597500026226044
"615",615,2,"female","no",0,3.19000005722046,5,0.638000011444092
"616",616,2,"female","no",0,1.97000002861023,8,0.246250003576279
"617",617,2,"female","yes",0,4.53999996185303,9,0.504444440205892
"618",618,2,"female","no",0,2.54999995231628,36,0.0708333320087857
"619",619,2,"male","yes",0,1.75999999046326,0,Inf
"620",620,2,"male","yes",2,4.34000015258789,17,0.255294126622817
"621",621,2,"female","yes",0,2.51999998092651,16,0.157499998807907
"622",622,2,"male","yes",1,2.55999994277954,7,0.365714277539934
"623",623,2,"male","no",0,4.53999996185303,10,0.453999996185303
"624",624,2,"female","yes",0,1.39999997615814,0,Inf
"625",625,2,"male","yes",2,3.3199999332428,27,0.122962960490474
"626",626,2,"male","yes",0,2.50999999046326,5,0.501999998092651
"627",627,2,"female","yes",2,2.57999992370605,3,0.859999974568685
"628",628,2,"male","yes",2,3.53999996185303,16,0.221249997615814
"629",629,2,"male","yes",0,4.53999996185303,11,0.412727269259366
"630",630,2,"male","no",0,4.28999996185303,17,0.252352938932531
"631",631,2,"male","yes",0,4.34000015258789,5,0.868000030517578
"632",632,2,"female","yes",1,3.47000002861023,4,0.867500007152557
"633",633,2,"female","no",0,3.47000002861023,5,0.694000005722046
"634",634,2,"male","yes",2,2.5,5,0.5
"635",635,2,"male","yes",3,2,8,0.25
"636",636,2,"male","no",0,3.92000007629395,10,0.392000007629395
"637",637,2,"female","yes",0,4.61999988555908,23,0.200869560241699
"638",638,2,"female","no",0,3.08999991416931,6,0.514999985694885
"639",639,2,"female","no",0,2.3199999332428,4,0.579999983310699
"640",640,2,"female","no",0,4.28999996185303,21,0.204285712469192
"641",641,2,"female","no",0,3.35999989509583,7,0.479999985013689
"642",642,2,"male","yes",0,3.69000005722046,5,0.738000011444092
"643",643,2,"male","yes",0,4.28999996185303,17,0.252352938932531
"644",644,2,"female","no",0,3.58999991416931,11,0.326363628560846
"645",645,2,"male","yes",0,4.28999996185303,13,0.329999997065618
"646",646,2,"female","yes",1,3.21000003814697,7,0.458571434020996
"647",647,2,"female","no",0,2.25999999046326,8,0.282499998807907
"648",648,2,"male","yes",0,2.5,0,Inf
"649",649,2,"male","no",0,2.25999999046326,3,0.753333330154419
"650",650,2,"female","yes",0,3.75,4,0.9375
"651",651,2,"female","no",0,4.28999996185303,4,1.07249999046326
"652",652,2,"male","yes",0,3.19000005722046,11,0.29000000520186
"653",653,2,"female","yes",1,2,7,0.285714285714286
"654",654,2,"female","yes",0,3.08999991416931,1,3.08999991416931
"655",655,2,"female","yes",1,3.58999991416931,2,1.79499995708466
"656",656,2,"female","yes",0,4.34000015258789,11,0.394545468417081
"657",657,2,"female","no",0,2.86999988555908,9,0.318888876173231
"658",658,2,"male","yes",0,2.09999990463257,2,1.04999995231628
"659",659,2,"female","no",0,2.82999992370605,26,0.108846150911771
"660",660,2,"male","yes",1,2.09999990463257,3,0.699999968210856
"661",661,2,"male","yes",1,1.77999997138977,1,1.77999997138977
"662",662,2,"male","yes",0,2.50999999046326,0,Inf
"663",663,2,"male","yes",1,2.51999998092651,10,0.251999998092651
"664",664,2,"female","yes",1,3.40000009536743,4,0.850000023841858
"665",665,2,"female","yes",1,3.08999991416931,3,1.02999997138977
"666",666,2,"male","yes",0,4.28999996185303,13,0.329999997065618
"667",667,2,"female","yes",0,2.96000003814697,8,0.370000004768372
"668",668,2,"female","yes",2,3.58999991416931,11,0.326363628560846
"669",669,2,"male","no",0,4.53999996185303,55,0.0825454538518732
"670",670,2,"female","yes",0,3.58999991416931,11,0.326363628560846
"671",671,2,"male","yes",1,3.42000007629395,3,1.14000002543132
"672",672,2,"female","yes",1,4.28999996185303,4,1.07249999046326
"673",673,2,"female","no",0,3.19000005722046,4,0.797500014305115
"674",674,2,"female","yes",1,4.28999996185303,11,0.389999996532093
"675",675,2,"male","yes",0,4.61999988555908,3,1.53999996185303
"676",676,2,"male","yes",2,1.86000001430511,6,0.310000002384186
"677",677,2,"male","yes",0,4.61999988555908,8,0.577499985694885
"678",678,2,"female","yes",2,4.53999996185303,48,0.0945833325386047
"679",679,2,"female","yes",0,3.75,8,0.46875
"680",680,2,"male","yes",0,1.75999999046326,0,Inf
"681",681,2,"female","yes",0,3.41000008583069,31,0.110000002768732
"682",682,2,"male","yes",0,2.54999995231628,24,0.106249998013179
"683",683,2,"male","yes",1,1.25,2,0.625
"684",684,2,"female","yes",0,1.48000001907349,9,0.164444446563721
"685",685,2,"female","yes",0,2.82999992370605,3,0.943333307902018
"686",686,2,"female","yes",0,4.28999996185303,6,0.714999993642171
"687",687,2,"female","no",0,3.19000005722046,10,0.319000005722046
"688",688,2,"female","no",0,1.39999997615814,0,Inf
"689",689,2,"female","yes",2,3.21000003814697,2,1.60500001907349
"690",690,2,"male","no",0,4.61999988555908,9,0.513333320617676
"691",691,2,"female","yes",0,1.45000004768372,7,0.207142863954817
"692",692,2,"female","yes",1,3.33999991416931,4,0.834999978542328
"693",693,2,"female","no",0,4.53999996185303,23,0.197391302689262
"694",694,2,"male","yes",2,4.28999996185303,30,0.142999998728434
"695",695,2,"female","no",0,3.69000005722046,7,0.527142865317208
"696",696,2,"female","no",0,2.57999992370605,2,1.28999996185303
"697",697,2,"female","yes",1,4.53999996185303,7,0.648571423121861
"698",698,2,"male","yes",1,4.53999996185303,6,0.756666660308838
"699",699,2,"male","no",0,4.28999996185303,9,0.476666662428114
"700",700,3,"female","no",0,4.28999996185303,12,0.357499996821086
"701",701,3,"female","no",0,3.75,0,Inf
"702",702,3,"male","no",0,4.61999988555908,8,0.577499985694885
"703",703,3,"male","yes",2,4.53999996185303,31,0.146451611672678
"704",704,3,"male","yes",0,3.08999991416931,5,0.617999982833862
"705",705,3,"male","yes",1,1.95000004768372,14,0.139285717691694
"706",706,3,"female","yes",1,3.58999991416931,3,1.19666663805644
"707",707,3,"male","yes",1,2.60999989509583,5,0.521999979019165
"708",708,3,"male","no",0,2.86999988555908,12,0.239166657129923
"709",709,3,"male","no",0,4.28999996185303,30,0.142999998728434
"710",710,3,"female","yes",0,3.41000008583069,19,0.179473688727931
"711",711,3,"female","yes",1,2.3199999332428,5,0.46399998664856
"712",712,3,"female","yes",0,2.11999988555908,3,0.706666628519694
"713",713,3,"male","yes",0,4.53999996185303,37,0.122702701671703
"714",714,3,"male","yes",0,2.96000003814697,8,0.370000004768372
"715",715,3,"male","no",0,2.86999988555908,12,0.239166657129923
"716",716,3,"male","yes",0,2.3199999332428,4,0.579999983310699
"717",717,3,"male","yes",2,1.79999995231628,6,0.299999992052714
"718",718,3,"female","no",0,2.39000010490417,11,0.21727273680947
"719",719,3,"female","yes",1,4.61999988555908,14,0.329999991825649
"720",720,3,"female","no",0,4.28999996185303,10,0.428999996185303
"721",721,3,"male","yes",0,4.53999996185303,5,0.907999992370605
"722",722,3,"male","no",0,3.58999991416931,16,0.224374994635582
"723",723,3,"male","yes",2,4.28999996185303,0,Inf
"724",724,3,"male","yes",1,2.96000003814697,5,0.592000007629395
"725",725,3,"male","yes",2,4.28999996185303,25,0.171599998474121
"726",726,3,"male","yes",1,4.28999996185303,18,0.238333331214057
"727",727,3,"male","yes",1,2.53999996185303,6,0.423333326975505
"728",728,3,"male","no",0,3.92000007629395,0,Inf
"729",729,3,"male","no",0,2.3199999332428,8,0.28999999165535
"730",730,3,"female","no",0,4.61999988555908,22,0.20999999479814
"731",731,3,"female","yes",0,3.75,6,0.625
"732",732,3,"male","yes",2,1.95000004768372,3,0.650000015894572
"733",733,3,"male","yes",1,1.79999995231628,4,0.449999988079071
"734",734,3,"male","yes",0,2.75999999046326,8,0.344999998807907
"735",735,3,"male","no",0,3.58999991416931,7,0.512857130595616
"736",736,3,"male","yes",0,4.25,20,0.2125
"737",737,3,"male","yes",2,2.82999992370605,7,0.404285703386579
"738",738,3,"female","no",0,2.51999998092651,4,0.629999995231628
"739",739,3,"female","yes",0,1.17999994754791,0,Inf
"740",740,3,"female","yes",0,3.35999989509583,11,0.305454535917802
"741",741,3,"female","yes",0,4.28999996185303,21,0.204285712469192
"742",742,3,"female","yes",1,4.61999988555908,49,0.0942857119501853
"743",743,3,"male","no",0,2.82999992370605,8,0.353749990463257
"744",744,3,"male","yes",0,3.69000005722046,24,0.153750002384186
"745",745,3,"male","yes",0,2.25999999046326,12,0.188333332538605
"746",746,3,"female","no",0,2.04999995231628,5,0.409999990463257
"747",747,3,"male","yes",1,4.28999996185303,19,0.225789471676475
"748",748,3,"male","yes",0,1.41999995708466,3,0.473333319028219
"749",749,3,"female","yes",2,1.88999998569489,16,0.11812499910593
"750",750,3,"male","yes",0,3.69000005722046,26,0.141923079123864
"751",751,3,"female","yes",0,2.96000003814697,22,0.134545456279408
"752",752,3,"female","yes",1,1.86000001430511,1,1.86000001430511
"753",753,3,"female","yes",0,2.25999999046326,6,0.376666665077209
"754",754,3,"male","yes",0,4.28999996185303,15,0.285999997456868
"755",755,3,"female","yes",0,3.15000009536743,4,0.787500023841858
"756",756,3,"male","yes",0,2.60999989509583,0,Inf
"757",757,3,"female","no",0,4.53999996185303,3,1.51333332061768
"758",758,3,"male","yes",1,2.21000003814697,10,0.221000003814697
"759",759,3,"male","yes",0,1.77999997138977,0,Inf
"760",760,3,"male","yes",1,3.61999988555908,5,0.723999977111816
"761",761,3,"male","yes",0,3.92000007629395,0,Inf
"762",762,3,"female","yes",0,4.61999988555908,10,0.461999988555908
"763",763,3,"male","yes",0,2.60999989509583,5,0.521999979019165
"764",764,3,"female","yes",1,3.35999989509583,3,1.11999996503194
"765",765,3,"female","yes",0,3.69000005722046,12,0.307500004768372
"766",766,3,"male","yes",0,3.47000002861023,14,0.247857144900731
"767",767,3,"male","yes",0,1.25,4,0.3125
"768",768,3,"male","yes",0,4.61999988555908,18,0.256666660308838
"769",769,3,"male","yes",1,3.58999991416931,14,0.256428565297808
"770",770,3,"female","no",0,3.35999989509583,2,1.67999994754791
"771",771,3,"male","yes",0,4.28999996185303,38,0.112894735838238
"772",772,3,"male","no",0,3.53999996185303,12,0.294999996821086
"773",773,3,"male","yes",2,2.57999992370605,2,1.28999996185303
"774",774,3,"male","no",0,1.51999998092651,3,0.506666660308838
"775",775,3,"male","yes",0,3.47000002861023,8,0.433750003576279
"776",776,3,"female","yes",0,4.61999988555908,14,0.329999991825649
"777",777,3,"male","no",0,3.53999996185303,25,0.141599998474121
"778",778,3,"male","yes",2,2.09999990463257,4,0.524999976158142
"779",779,3,"male","yes",2,1.37999999523163,8,0.172499999403954
"780",780,3,"male","yes",1,3.08999991416931,5,0.617999982833862
"781",781,3,"male","yes",3,2.85999989509583,3,0.953333298365275
"782",782,3,"female","no",0,4.28999996185303,5,0.857999992370605
"783",783,3,"female","yes",1,1.22000002861023,3,0.40666667620341
"784",784,4,"male","yes",0,2.82999992370605,5,0.565999984741211
"785",785,4,"female","yes",0,4.53999996185303,16,0.283749997615814
"786",786,4,"male","yes",0,4.28999996185303,22,0.194999998266047
"787",787,4,"male","no",0,4.28999996185303,7,0.612857137407575
"788",788,4,"male","yes",0,3.53999996185303,9,0.393333329094781
"789",789,4,"male","no",0,2.51999998092651,6,0.419999996821086
"790",790,4,"female","no",0,1.39999997615814,3,0.466666658719381
"791",791,4,"female","yes",0,4.34000015258789,6,0.723333358764648
"792",792,4,"female","yes",1,2.50999999046326,2,1.25499999523163
"793",793,4,"male","yes",0,4.28999996185303,2,2.14499998092651
"794",794,4,"male","yes",1,2.96000003814697,0,Inf
"795",795,4,"male","no",0,3.84999990463257,47,0.081914891587927
"796",796,4,"male","no",0,4.53999996185303,5,0.907999992370605
"797",797,4,"female","yes",0,3.40000009536743,5,0.680000019073486
"798",798,4,"male","no",0,3.41000008583069,21,0.162380956468128
"799",799,4,"male","yes",1,2.96000003814697,57,0.0519298252306486
"800",800,4,"female","yes",0,3.53999996185303,5,0.707999992370606
"801",801,4,"male","yes",2,1.72000002861023,2,0.860000014305115
"802",802,4,"male","yes",2,2.85999989509583,15,0.190666659673055
"803",803,4,"male","yes",2,4.53999996185303,66,0.0687878782098943
"804",804,4,"male","yes",1,1.75999999046326,11,0.159999999133023
"805",805,4,"male","yes",2,1.86000001430511,15,0.124000000953674
"806",806,4,"male","yes",0,3.47000002861023,4,0.867500007152557
"807",807,4,"male","no",0,3.41000008583069,7,0.487142869404384
"808",808,4,"male","yes",0,1.80999994277954,10,0.180999994277954
"809",809,4,"male","yes",2,2.04999995231628,13,0.15769230402433
"810",810,4,"male","no",0,4.61999988555908,18,0.256666660308838
"811",811,4,"female","yes",0,2.25999999046326,3,0.753333330154419
"812",812,4,"male","yes",1,1.86000001430511,47,0.0395744683894705
"813",813,4,"female","yes",1,4.28999996185303,4,1.07249999046326
"814",814,4,"male","yes",2,3.53999996185303,2,1.76999998092651
"815",815,4,"male","yes",0,4.28999996185303,30,0.142999998728434
"816",816,4,"male","yes",0,2.53999996185303,11,0.230909087441184
"817",817,4,"female","yes",0,4.25,13,0.326923076923077
"818",818,4,"female","no",0,2.5,10,0.25
"819",819,4,"female","yes",1,3.53999996185303,12,0.294999996821086
"820",820,4,"female","yes",0,3.19000005722046,8,0.398750007152557
"821",821,4,"male","yes",2,4.53999996185303,21,0.216190474373954
"822",822,4,"female","no",0,2.85999989509583,39,0.0733333306434827
"823",823,4,"female","yes",0,2.57999992370605,14,0.184285708836147
"824",824,4,"female","yes",0,1.27999997138977,4,0.319999992847443
"825",825,4,"female","yes",0,3.21000003814697,14,0.229285717010498
"826",826,4,"female","no",0,2.86999988555908,6,0.478333314259847
"827",827,4,"female","no",0,3.33999991416931,11,0.303636355833574
"828",828,4,"female","no",0,3.15000009536743,8,0.393750011920929
"829",829,4,"female","no",0,2.3199999332428,8,0.28999999165535
"830",830,4,"male","no",0,4.28999996185303,19,0.225789471676475
"831",831,4,"male","no",0,3.69000005722046,7,0.527142865317208
"832",832,4,"male","yes",1,2.54999995231628,21,0.121428569157918
"833",833,4,"female","no",0,4.61999988555908,3,1.53999996185303
"834",834,4,"female","yes",0,2.35999989509583,5,0.471999979019165
"835",835,4,"male","yes",1,4.25,29,0.146551724137931
"836",836,4,"male","yes",1,4.28999996185303,5,0.857999992370605
"837",837,4,"female","yes",0,3.19000005722046,7,0.455714293888637
"838",838,4,"female","no",0,3.19000005722046,3,1.06333335240682
"839",839,4,"female","no",0,2.55999994277954,23,0.111304345338241
"840",840,4,"male","yes",0,1.75999999046326,7,0.25142857006618
"841",841,4,"male","yes",1,2.57999992370605,25,0.103199996948242
"842",842,4,"female","yes",0,3.41000008583069,4,0.852500021457672
"843",843,4,"female","no",0,3.58999991416931,9,0.398888879352146
"844",844,4,"female","yes",0,1.77999997138977,4,0.444999992847443
"845",845,4,"female","no",0,3.75,3,1.25
"846",846,4,"male","yes",2,3.69000005722046,16,0.230625003576279
"847",847,4,"male","yes",0,3.61999988555908,5,0.723999977111816
"848",848,4,"male","yes",0,1.50499999523163,4,0.376249998807907
"849",849,4,"male","yes",2,2.57999992370605,6,0.429999987284342
"850",850,4,"male","no",0,2.86999988555908,15,0.191333325703939
"851",851,5,"female","yes",0,2.25999999046326,16,0.141249999403954
"852",852,5,"female","no",0,3.75,13,0.288461538461538
"853",853,5,"male","yes",2,3.84999990463257,15,0.256666660308838
"854",854,5,"male","yes",1,3.15000009536743,5,0.630000019073486
"855",855,5,"male","yes",1,3.15000009536743,27,0.116666670198794
"856",856,5,"male","yes",0,4.34000015258789,6,0.723333358764648
"857",857,5,"male","yes",0,4.25,12,0.354166666666667
"858",858,5,"male","no",0,3.35999989509583,11,0.305454535917802
"859",859,5,"female","no",0,3.58999991416931,14,0.256428565297808
"860",860,5,"male","yes",1,2.57999992370605,25,0.103199996948242
"861",861,5,"male","yes",1,3.58999991416931,21,0.170952376865205
"862",862,5,"male","yes",1,2.96000003814697,4,0.740000009536743
"863",863,5,"male","yes",0,4.53999996185303,13,0.349230766296387
"864",864,5,"male","yes",0,4.28999996185303,30,0.142999998728434
"865",865,5,"female","no",0,2.86999988555908,12,0.239166657129923
"866",866,5,"female","yes",0,4.53999996185303,15,0.302666664123535
"867",867,5,"female","yes",1,3.84999990463257,1,3.84999990463257
"868",868,5,"male","yes",0,2.5,4,0.625
"869",869,5,"male","yes",1,3.47000002861023,0,Inf
"870",870,5,"female","yes",0,2.85999989509583,24,0.119166662295659
"871",871,5,"female","yes",0,4.61999988555908,0,Inf
"872",872,5,"male","yes",1,4.53999996185303,53,0.0856603766387364
"873",873,5,"male","yes",0,1.25,2,0.625
"874",874,5,"female","yes",0,3.21000003814697,19,0.168947370428788
"875",875,5,"male","yes",1,1.75999999046326,11,0.159999999133023
"876",876,5,"female","no",0,2.57999992370605,6,0.429999987284342
"877",877,5,"female","no",0,3.61999988555908,3,1.20666662851969
"878",878,6,"male","yes",1,4.61999988555908,8,0.577499985694885
"879",879,6,"female","yes",0,2.09999990463257,36,0.058333330684238
"880",880,6,"female","yes",2,1.86000001430511,38,0.048947368797503
"881",881,6,"male","yes",0,4.34000015258789,9,0.482222239176432
"882",882,6,"female","yes",0,4.28999996185303,24,0.178749998410543
"883",883,6,"male","yes",2,2.50999999046326,11,0.228181817314842
"884",884,6,"male","yes",1,2.96000003814697,13,0.22769231062669
"885",885,6,"male","no",0,4.28999996185303,18,0.238333331214057
"886",886,6,"male","no",0,3.40000009536743,14,0.242857149669102
"887",887,6,"female","no",0,4.53999996185303,12,0.378333330154419
"888",888,6,"male","yes",1,3.84999990463257,16,0.240624994039535
"889",889,6,"female","no",0,3.15000009536743,9,0.350000010596381
"890",890,6,"female","no",0,4.53999996185303,15,0.302666664123535
"891",891,6,"male","no",0,3.47000002861023,6,0.578333338101705
"892",892,6,"female","yes",0,4.28999996185303,1,4.28999996185303
"893",893,6,"male","no",0,1.97000002861023,4,0.492500007152557
"894",894,6,"female","no",0,3.3199999332428,6,0.553333322207133
"895",895,7,"male","yes",0,3.58999991416931,1,3.58999991416931
"896",896,7,"male","no",0,2.53999996185303,6,0.423333326975505
"897",897,7,"male","no",0,3.41000008583069,20,0.170500004291534
"898",898,7,"male","yes",1,1.97000002861023,0,Inf
"899",899,7,"female","no",0,3.15000009536743,9,0.350000010596381
"900",900,7,"male","no",0,4.61999988555908,15,0.307999992370605
"901",901,7,"male","no",0,4.53999996185303,42,0.108095237186977
"902",902,7,"male","yes",0,3.69000005722046,9,0.410000006357829
"903",903,7,"male","no",0,4.34000015258789,19,0.228421060662521
"904",904,7,"male","no",0,4.28999996185303,19,0.225789471676475
"905",905,7,"male","yes",1,3.58999991416931,27,0.132962959784049
"906",906,7,"male","no",0,3.69000005722046,19,0.194210529327393
"907",907,8,"male","yes",0,2.50999999046326,11,0.228181817314842
"908",908,9,"male","yes",1,2.96000003814697,23,0.128695653832477
"909",909,9,"male","yes",1,1.86000001430511,47,0.0395744683894705
"910",910,10,"female","yes",0,3.58999991416931,18,0.199444439676073
"911",911,11,"male","yes",2,2.85999989509583,7,0.408571413585118
"912",912,12,"male","yes",1,4.28999996185303,35,0.122571427481515
"913",913,12,"male","yes",1,1.86000001430511,5,0.372000002861023
"914",914,16,"male","yes",0,1.74000000953674,21,0.0828571433112735
"915",915,19,"male","yes",0,1.86000001430511,42,0.0442857146263123
